{"flutter":{"platforms":{"android":{"default":{"projectId":"kelompokabdsoltanfiras","appId":"1:467478735109:android:4df5742f88dd7b8cd9af6c","fileOutput":"android/app/google-services.json"}},"dart":{"lib/firebase_options.dart":{"projectId":"kelompokabdsoltanfiras","configurations":{"android":"1:467478735109:android:4df5742f88dd7b8cd9af6c","ios":"1:467478735109:ios:d587f3fddab7ccb7d9af6c","macos":"1:467478735109:ios:d587f3fddab7ccb7d9af6c","web":"1:467478735109:web:76f057a350f81128d9af6c","windows":"1:467478735109:web:40e6beb73369d990d9af6c"}}}}}}