{
  "project_info": {
    "project_number": "467478735109",
    "project_id": "kelompokabdsoltanfiras",
    "storage_bucket": "kelompokabdsoltanfiras.firebasestorage.app"
  },
  "client": [
    {
      "client_info": {
        "mobilesdk_app_id": "1:467478735109:android:4df5742f88dd7b8cd9af6c",
        "android_client_info": {
          "package_name": "com.example.database"
        }
      },
      "oauth_client": [],
      "api_key": [
        {
          "current_key": "AIzaSyCN9GnSBO7QBEeq2B6zz1GUtU9-e5I6t4M"
        }
      ],
      "services": {
        "appinvite_service": {
          "other_platform_oauth_client": []
        }
      }
    }
  ],
  "configuration_version": "1"
}